CIK,Wiki
1800,https://en.wikipedia.org/wiki/Abbott_Laboratories
2969,https://en.wikipedia.org/wiki/Air_Products_%26_Chemicals
4127,https://en.wikipedia.org/wiki/Skyworks_Solutions
4281,https://en.wikipedia.org/wiki/Arconic
4447,https://en.wikipedia.org/wiki/Hess_Corporation
4904,https://en.wikipedia.org/wiki/American_Electric_Power
4962,https://en.wikipedia.org/wiki/American_Express
4977,https://en.wikipedia.org/wiki/Aflac
5272,https://en.wikipedia.org/wiki/American_International_Group
5513,https://en.wikipedia.org/wiki/Unum
6201,https://en.wikipedia.org/wiki/American_Airlines_Group
6281,https://en.wikipedia.org/wiki/Analog_Devices
6769,https://en.wikipedia.org/wiki/Apache_Corporation
6951,https://en.wikipedia.org/wiki/Applied_Materials
7084,https://en.wikipedia.org/wiki/Archer_Daniels_Midland
7332,https://en.wikipedia.org/wiki/Southwestern_Energy
8670,https://en.wikipedia.org/wiki/ADP_(company)
8818,https://en.wikipedia.org/wiki/Avery_Dennison
9389,https://en.wikipedia.org/wiki/Ball_Corporation
9892,https://en.wikipedia.org/wiki/C._R._Bard
10456,https://en.wikipedia.org/wiki/Baxter_International
10795,https://en.wikipedia.org/wiki/Becton_Dickinson
12659,https://en.wikipedia.org/wiki/H%26R_Block
12927,https://en.wikipedia.org/wiki/Boeing
14272,https://en.wikipedia.org/wiki/Bristol-Myers_Squibb
14693,https://en.wikipedia.org/wiki/Brown%E2%80%93Forman
16732,https://en.wikipedia.org/wiki/Campbell_Soup_Company
16918,https://en.wikipedia.org/wiki/Constellation_Brands
18230,https://en.wikipedia.org/wiki/Caterpillar_Inc.
18926,https://en.wikipedia.org/wiki/CenturyLink
19617,https://en.wikipedia.org/wiki/JPMorgan_Chase
20286,https://en.wikipedia.org/wiki/Cincinnati_Financial
20520,https://en.wikipedia.org/wiki/Frontier_Communications
21076,https://en.wikipedia.org/wiki/Clorox
21344,https://en.wikipedia.org/wiki/The_Coca-Cola_Company
21665,https://en.wikipedia.org/wiki/Colgate-Palmolive
23217,https://en.wikipedia.org/wiki/Conagra_Brands
24545,https://en.wikipedia.org/wiki/Molson_Coors_Beverage_Company
24741,https://en.wikipedia.org/wiki/Corning_Inc.
26172,https://en.wikipedia.org/wiki/Cummins
27419,https://en.wikipedia.org/wiki/Target_Corporation
27904,https://en.wikipedia.org/wiki/Delta_Air_Lines
28412,https://en.wikipedia.org/wiki/Comerica
29534,https://en.wikipedia.org/wiki/Dollar_General
29905,https://en.wikipedia.org/wiki/Dover_Corporation
29915,https://en.wikipedia.org/wiki/Dow_Chemical_Company
29989,https://en.wikipedia.org/wiki/Omnicom_Group
30554,https://en.wikipedia.org/wiki/DuPont
30625,https://en.wikipedia.org/wiki/Flowserve
31462,https://en.wikipedia.org/wiki/Ecolab
31791,https://en.wikipedia.org/wiki/PerkinElmer
32604,https://en.wikipedia.org/wiki/Emerson_Electric
33185,https://en.wikipedia.org/wiki/Equifax
33213,https://en.wikipedia.org/wiki/EQT
34088,https://en.wikipedia.org/wiki/ExxonMobil
34903,https://en.wikipedia.org/wiki/Federal_Realty_Investment_Trust
35527,https://en.wikipedia.org/wiki/Fifth_Third_Bank
36104,https://en.wikipedia.org/wiki/U.S._Bancorp
36270,https://en.wikipedia.org/wiki/M%26T_Bank
37785,https://en.wikipedia.org/wiki/FMC_Corporation
37996,https://en.wikipedia.org/wiki/Ford_Motor_Company
38777,https://en.wikipedia.org/wiki/Franklin_Templeton_Investments
39899,https://en.wikipedia.org/wiki/Tegna_Inc.
39911,https://en.wikipedia.org/wiki/Gap_Inc.
40533,https://en.wikipedia.org/wiki/General_Dynamics
40545,https://en.wikipedia.org/wiki/General_Electric
40704,https://en.wikipedia.org/wiki/General_Mills
40987,https://en.wikipedia.org/wiki/Genuine_Parts_Company
42582,https://en.wikipedia.org/wiki/Goodyear_Tire_and_Rubber_Company
45012,https://en.wikipedia.org/wiki/Halliburton
46080,https://en.wikipedia.org/wiki/Hasbro
46765,https://en.wikipedia.org/wiki/Helmerich_%26_Payne
47111,https://en.wikipedia.org/wiki/The_Hershey_Company
47217,https://en.wikipedia.org/wiki/HP_Inc.
48465,https://en.wikipedia.org/wiki/Hormel
49071,https://en.wikipedia.org/wiki/Humana
49196,https://en.wikipedia.org/wiki/Huntington_Bancshares
49826,https://en.wikipedia.org/wiki/Illinois_Tool_Works
50104,https://en.wikipedia.org/wiki/Andeavor
50863,https://en.wikipedia.org/wiki/Intel
51143,https://en.wikipedia.org/wiki/IBM
51253,https://en.wikipedia.org/wiki/International_Flavors_%26_Fragrances
51434,https://en.wikipedia.org/wiki/International_Paper
51644,https://en.wikipedia.org/wiki/The_Interpublic_Group_of_Companies
52988,https://en.wikipedia.org/wiki/Jacobs_Engineering_Group
54480,https://en.wikipedia.org/wiki/Kansas_City_Southern_(company)
55067,https://en.wikipedia.org/wiki/Kellogg%27s
55785,https://en.wikipedia.org/wiki/Kimberly-Clark
56873,https://en.wikipedia.org/wiki/Kroger
58492,https://en.wikipedia.org/wiki/Leggett_%26_Platt
59478,https://en.wikipedia.org/wiki/Eli_Lilly_and_Company
59558,https://en.wikipedia.org/wiki/Lincoln_National_Corporation
60086,https://en.wikipedia.org/wiki/Loews_Corporation
60667,https://en.wikipedia.org/wiki/Lowe%27s
62709,https://en.wikipedia.org/wiki/Marsh_%26_McLennan_Companies
62996,https://en.wikipedia.org/wiki/Masco
63276,https://en.wikipedia.org/wiki/Mattel
63754,https://en.wikipedia.org/wiki/McCormick_%26_Company
63908,https://en.wikipedia.org/wiki/McDonald%27s
64040,https://en.wikipedia.org/wiki/S%26P_Global
64670,https://en.wikipedia.org/wiki/Medtronic
64803,https://en.wikipedia.org/wiki/CVS_Health
65984,https://en.wikipedia.org/wiki/Entergy
66740,https://en.wikipedia.org/wiki/3M
68505,https://en.wikipedia.org/wiki/Motorola_Solutions
69499,https://en.wikipedia.org/wiki/Mylan
70858,https://en.wikipedia.org/wiki/Bank_of_America
72207,https://en.wikipedia.org/wiki/Noble_Energy
72333,https://en.wikipedia.org/wiki/Nordstrom
72741,https://en.wikipedia.org/wiki/Eversource_Energy
72903,https://en.wikipedia.org/wiki/Xcel_Energy
72971,https://en.wikipedia.org/wiki/Wells_Fargo
73124,https://en.wikipedia.org/wiki/Northern_Trust
73309,https://en.wikipedia.org/wiki/Nucor
74208,"https://en.wikipedia.org/wiki/UDR,_Inc."
75362,https://en.wikipedia.org/wiki/Paccar
76334,https://en.wikipedia.org/wiki/Parker_Hannifin
77360,https://en.wikipedia.org/wiki/Pentair
77476,https://en.wikipedia.org/wiki/PepsiCo
78003,https://en.wikipedia.org/wiki/Pfizer
78239,https://en.wikipedia.org/wiki/PVH_(company)
78814,https://en.wikipedia.org/wiki/Pitney_Bowes
79879,https://en.wikipedia.org/wiki/PPG_Industries
80424,https://en.wikipedia.org/wiki/Procter_%26_Gamble
80661,https://en.wikipedia.org/wiki/Progressive_Corporation
85961,https://en.wikipedia.org/wiki/Ryder
86312,https://en.wikipedia.org/wiki/The_Travelers_Companies
87347,https://en.wikipedia.org/wiki/Schlumberger
89800,https://en.wikipedia.org/wiki/Sherwin-Williams
91419,https://en.wikipedia.org/wiki/The_J.M._Smucker_Company
91440,https://en.wikipedia.org/wiki/Snap-on
91576,https://en.wikipedia.org/wiki/KeyBank
92122,https://en.wikipedia.org/wiki/Southern_Company
92230,https://en.wikipedia.org/wiki/Truist_Financial
92380,https://en.wikipedia.org/wiki/Southwest_Airlines
93410,https://en.wikipedia.org/wiki/Chevron_Corporation
93556,https://en.wikipedia.org/wiki/Stanley_Black_%26_Decker
93751,https://en.wikipedia.org/wiki/State_Street_Corporation
96021,https://en.wikipedia.org/wiki/Sysco
96223,https://en.wikipedia.org/wiki/Jefferies_Financial_Group
97476,https://en.wikipedia.org/wiki/Texas_Instruments
97745,https://en.wikipedia.org/wiki/Thermo_Fisher_Scientific
98246,https://en.wikipedia.org/wiki/Tiffany_%26_Co.
100493,https://en.wikipedia.org/wiki/Tyson_Foods
100517,https://en.wikipedia.org/wiki/United_Airlines_Holdings
100885,https://en.wikipedia.org/wiki/Union_Pacific_Railroad
101778,https://en.wikipedia.org/wiki/Marathon_Oil
101829,https://en.wikipedia.org/wiki/United_Technologies
103379,https://en.wikipedia.org/wiki/VF_Corporation
104169,https://en.wikipedia.org/wiki/Walmart
106040,https://en.wikipedia.org/wiki/Western_Digital
106535,https://en.wikipedia.org/wiki/Weyerhaeuser
106640,https://en.wikipedia.org/wiki/Whirlpool_Corporation
107263,https://en.wikipedia.org/wiki/Williams_Companies
108772,https://en.wikipedia.org/wiki/Xerox
109198,https://en.wikipedia.org/wiki/TJX_Companies
109380,https://en.wikipedia.org/wiki/Zions_Bancorporation
200406,https://en.wikipedia.org/wiki/Johnson_%26_Johnson
202058,https://en.wikipedia.org/wiki/Harris_Corporation
203527,https://en.wikipedia.org/wiki/Varian_Medical_Systems
217346,https://en.wikipedia.org/wiki/Textron
277135,https://en.wikipedia.org/wiki/W._W._Grainger
277948,https://en.wikipedia.org/wiki/CSX_Corporation
310158,https://en.wikipedia.org/wiki/Merck_%26_Co.
310764,https://en.wikipedia.org/wiki/Stryker_Corporation
313616,https://en.wikipedia.org/wiki/Danaher_Corporation
313927,https://en.wikipedia.org/wiki/Church_%26_Dwight
315189,https://en.wikipedia.org/wiki/John_Deere
315213,https://en.wikipedia.org/wiki/Robert_Half_International
315293,https://en.wikipedia.org/wiki/Aon_(company)
315852,https://en.wikipedia.org/wiki/Range_Resources
316709,https://en.wikipedia.org/wiki/Charles_Schwab_Corporation
318154,https://en.wikipedia.org/wiki/Amgen
319201,https://en.wikipedia.org/wiki/KLA_Corporation
320187,https://en.wikipedia.org/wiki/Nike
320193,https://en.wikipedia.org/wiki/Apple_Inc.
320335,https://en.wikipedia.org/wiki/Globe_Life
350698,https://en.wikipedia.org/wiki/AutoNation
352541,https://en.wikipedia.org/wiki/Alliant_Energy
352915,https://en.wikipedia.org/wiki/Universal_Health_Services
354190,https://en.wikipedia.org/wiki/Arthur_J._Gallagher_%26_Co.
354908,https://en.wikipedia.org/wiki/FLIR_Systems
354950,https://en.wikipedia.org/wiki/The_Home_Depot
356028,https://en.wikipedia.org/wiki/CA_Technologies
701221,https://en.wikipedia.org/wiki/Cigna
701985,https://en.wikipedia.org/wiki/L_Brands
702165,https://en.wikipedia.org/wiki/Norfolk_Southern_Railway
707549,https://en.wikipedia.org/wiki/Lam_Research
711404,https://en.wikipedia.org/wiki/The_Cooper_Companies
712515,https://en.wikipedia.org/wiki/Electronic_Arts
713676,https://en.wikipedia.org/wiki/PNC_Financial_Services
715957,https://en.wikipedia.org/wiki/Dominion_Energy
717423,https://en.wikipedia.org/wiki/Murphy_Oil
718877,https://en.wikipedia.org/wiki/Activision_Blizzard
721371,https://en.wikipedia.org/wiki/Cardinal_Health
721683,https://en.wikipedia.org/wiki/TSYS
723125,https://en.wikipedia.org/wiki/Micron_Technology
723254,https://en.wikipedia.org/wiki/Cintas
723531,https://en.wikipedia.org/wiki/Paychex
726728,https://en.wikipedia.org/wiki/Realty_Income_Corporation
728535,https://en.wikipedia.org/wiki/J._B._Hunt
731766,https://en.wikipedia.org/wiki/UnitedHealth_Group
732712,https://en.wikipedia.org/wiki/Verizon_Communications
732717,https://en.wikipedia.org/wiki/AT%26T
740260,https://en.wikipedia.org/wiki/Ventas_(company)
743988,https://en.wikipedia.org/wiki/Xilinx
745732,https://en.wikipedia.org/wiki/Ross_Stores
746515,https://en.wikipedia.org/wiki/Expeditors_International
750556,https://en.wikipedia.org/wiki/SunTrust_Banks
753308,https://en.wikipedia.org/wiki/NextEra_Energy
754737,https://en.wikipedia.org/wiki/SCANA
759944,https://en.wikipedia.org/wiki/Citizens_Financial_Group
764180,https://en.wikipedia.org/wiki/Altria
764478,https://en.wikipedia.org/wiki/Best_Buy
764622,https://en.wikipedia.org/wiki/Pinnacle_West_Capital
765880,https://en.wikipedia.org/wiki/Healthpeak_Properties
766421,https://en.wikipedia.org/wiki/Alaska_Air_Group
766704,https://en.wikipedia.org/wiki/Welltower
769397,https://en.wikipedia.org/wiki/Autodesk
773840,https://en.wikipedia.org/wiki/Honeywell
773910,https://en.wikipedia.org/wiki/Anadarko_Petroleum
783325,https://en.wikipedia.org/wiki/WEC_Energy_Group
788784,https://en.wikipedia.org/wiki/Public_Service_Enterprise_Group
789019,https://en.wikipedia.org/wiki/Microsoft
791519,https://en.wikipedia.org/wiki/Staples_Inc.
791907,https://en.wikipedia.org/wiki/Linear_Technology
793952,https://en.wikipedia.org/wiki/Harley-Davidson
794323,https://en.wikipedia.org/wiki/Level_3_Communications
794367,"https://en.wikipedia.org/wiki/Macy%27s,_Inc."
796343,https://en.wikipedia.org/wiki/Adobe_Inc.
797468,https://en.wikipedia.org/wiki/Occidental_Petroleum
798354,https://en.wikipedia.org/wiki/Fiserv
800459,https://en.wikipedia.org/wiki/Harman_International
804328,https://en.wikipedia.org/wiki/Qualcomm
804753,https://en.wikipedia.org/wiki/Cerner
808362,https://en.wikipedia.org/wiki/Baker_Hughes
811156,https://en.wikipedia.org/wiki/CMS_Energy
813828,https://en.wikipedia.org/wiki/CBS_Corporation
814453,https://en.wikipedia.org/wiki/Newell_Brands
815097,https://en.wikipedia.org/wiki/Carnival_Corporation_%26_plc
815556,https://en.wikipedia.org/wiki/Fastenal
816284,https://en.wikipedia.org/wiki/Celgene
816761,https://en.wikipedia.org/wiki/Teradata
818479,https://en.wikipedia.org/wiki/Dentsply_Sirona
820027,https://en.wikipedia.org/wiki/Ameriprise_Financial
820313,https://en.wikipedia.org/wiki/Amphenol
821189,https://en.wikipedia.org/wiki/EOG_Resources
822416,https://en.wikipedia.org/wiki/PulteGroup
823768,https://en.wikipedia.org/wiki/Waste_Management_(corporation)
827052,https://en.wikipedia.org/wiki/Edison_International
827054,https://en.wikipedia.org/wiki/Microchip_Technology
829224,https://en.wikipedia.org/wiki/Starbucks
831001,https://en.wikipedia.org/wiki/Citigroup
831259,https://en.wikipedia.org/wiki/Freeport-McMoRan
832988,https://en.wikipedia.org/wiki/Signet_Jewelers
833444,https://en.wikipedia.org/wiki/Johnson_Controls
849399,https://en.wikipedia.org/wiki/NortonLifeLock
850209,https://en.wikipedia.org/wiki/Foot_Locker
851968,https://en.wikipedia.org/wiki/Mohawk_Industries
858470,https://en.wikipedia.org/wiki/Cabot_Oil_%26_Gas
858877,https://en.wikipedia.org/wiki/Cisco_Systems
859737,https://en.wikipedia.org/wiki/Hologic
860730,https://en.wikipedia.org/wiki/HCA_Healthcare
861878,https://en.wikipedia.org/wiki/Stericycle
865436,https://en.wikipedia.org/wiki/Whole_Foods_Market
865752,https://en.wikipedia.org/wiki/Monster_Beverage
866787,https://en.wikipedia.org/wiki/AutoZone
872589,https://en.wikipedia.org/wiki/Regeneron_Pharmaceuticals
874716,https://en.wikipedia.org/wiki/Idexx_Laboratories
874761,https://en.wikipedia.org/wiki/AES_Corporation
874766,https://en.wikipedia.org/wiki/The_Hartford
875045,https://en.wikipedia.org/wiki/Biogen
875159,https://en.wikipedia.org/wiki/Axa_XL
875320,https://en.wikipedia.org/wiki/Vertex_Pharmaceuticals
877890,https://en.wikipedia.org/wiki/Citrix_Systems
879101,https://en.wikipedia.org/wiki/Kimco_Realty
882095,https://en.wikipedia.org/wiki/Gilead_Sciences
882184,https://en.wikipedia.org/wiki/D._R._Horton
882835,https://en.wikipedia.org/wiki/Roper_Technologies
884629,https://en.wikipedia.org/wiki/Allergan
884887,https://en.wikipedia.org/wiki/Royal_Caribbean_Cruises
884905,https://en.wikipedia.org/wiki/Praxair
885639,https://en.wikipedia.org/wiki/Kohl%27s
885725,https://en.wikipedia.org/wiki/Boston_Scientific
886158,https://en.wikipedia.org/wiki/Bed_Bath_%26_Beyond
886982,https://en.wikipedia.org/wiki/Goldman_Sachs
891024,https://en.wikipedia.org/wiki/Patterson_Companies
895126,https://en.wikipedia.org/wiki/Chesapeake_Energy
895421,https://en.wikipedia.org/wiki/Morgan_Stanley
895648,https://en.wikipedia.org/wiki/GGP_Inc.
895930,https://en.wikipedia.org/wiki/Envision_Healthcare
896159,https://en.wikipedia.org/wiki/Chubb_Limited
896878,https://en.wikipedia.org/wiki/Intuit
898173,https://en.wikipedia.org/wiki/O%27Reilly_Auto_Parts
899051,https://en.wikipedia.org/wiki/Allstate
899689,https://en.wikipedia.org/wiki/Vornado_Realty_Trust
899866,https://en.wikipedia.org/wiki/Alexion_Pharmaceuticals
906107,https://en.wikipedia.org/wiki/Equity_Residential
908255,https://en.wikipedia.org/wiki/BorgWarner
909832,https://en.wikipedia.org/wiki/Costco
912242,https://en.wikipedia.org/wiki/Macerich
912595,https://en.wikipedia.org/wiki/Mid-America_Apartment_Communities
912615,https://en.wikipedia.org/wiki/Urban_Outfitters
912750,https://en.wikipedia.org/wiki/Newfield_Exploration
914208,https://en.wikipedia.org/wiki/Invesco
915389,https://en.wikipedia.org/wiki/Eastman_Chemical_Company
915912,https://en.wikipedia.org/wiki/AvalonBay_Communities
915913,https://en.wikipedia.org/wiki/Albemarle_Corporation
916076,https://en.wikipedia.org/wiki/Martin_Marietta_Inc.
916365,https://en.wikipedia.org/wiki/Tractor_Supply_Company
920148,https://en.wikipedia.org/wiki/LabCorp
920522,https://en.wikipedia.org/wiki/Essex_Property_Trust
920760,https://en.wikipedia.org/wiki/Lennar_Corporation
922224,https://en.wikipedia.org/wiki/PPL_Corporation
922864,https://en.wikipedia.org/wiki/Aimco
927066,https://en.wikipedia.org/wiki/DaVita_Inc.
927628,https://en.wikipedia.org/wiki/Capital_One
927653,https://en.wikipedia.org/wiki/McKesson_Corporation
935703,https://en.wikipedia.org/wiki/Dollar_Tree
936340,https://en.wikipedia.org/wiki/DTE_Energy
936468,https://en.wikipedia.org/wiki/Lockheed_Martin
940944,https://en.wikipedia.org/wiki/Darden_Restaurants
1000228,https://en.wikipedia.org/wiki/Henry_Schein
1000697,https://en.wikipedia.org/wiki/Waters_Corporation
1001039,https://en.wikipedia.org/wiki/The_Walt_Disney_Company
1001250,https://en.wikipedia.org/wiki/Est%C3%A9e_Lauder_Companies
1002047,https://en.wikipedia.org/wiki/NetApp
1002910,https://en.wikipedia.org/wiki/Ameren
1004434,https://en.wikipedia.org/wiki/Affiliated_Managers_Group
1004980,https://en.wikipedia.org/wiki/Pacific_Gas_and_Electric_Company
1011006,https://en.wikipedia.org/wiki/Yahoo!
1012100,https://en.wikipedia.org/wiki/Sealed_Air
1013871,https://en.wikipedia.org/wiki/NRG_Energy
1014473,https://en.wikipedia.org/wiki/Verisign
1015780,https://en.wikipedia.org/wiki/E-Trade
1018724,https://en.wikipedia.org/wiki/Amazon_(company)
1020569,https://en.wikipedia.org/wiki/Iron_Mountain_(company)
1021860,https://en.wikipedia.org/wiki/National_Oilwell_Varco
1022079,https://en.wikipedia.org/wiki/Quest_Diagnostics
1024305,"https://en.wikipedia.org/wiki/Coty,_Inc."
1024478,https://en.wikipedia.org/wiki/Rockwell_Automation
1031296,https://en.wikipedia.org/wiki/FirstEnergy
1032208,https://en.wikipedia.org/wiki/Sempra_Energy
1035002,https://en.wikipedia.org/wiki/Valero_Energy
1035267,https://en.wikipedia.org/wiki/Intuitive_Surgical
1037038,https://en.wikipedia.org/wiki/Ralph_Lauren_Corporation
1037540,https://en.wikipedia.org/wiki/Boston_Properties
1037646,https://en.wikipedia.org/wiki/Mettler_Toledo
1037868,https://en.wikipedia.org/wiki/Ametek
1038357,https://en.wikipedia.org/wiki/Pioneer_Natural_Resources
1039684,https://en.wikipedia.org/wiki/Oneok
1040971,https://en.wikipedia.org/wiki/SL_Green_Realty
1041061,https://en.wikipedia.org/wiki/Yum!_Brands
1043277,https://en.wikipedia.org/wiki/C._H._Robinson
1043604,https://en.wikipedia.org/wiki/Juniper_Networks
1045609,https://en.wikipedia.org/wiki/Prologis
1045810,https://en.wikipedia.org/wiki/Nvidia
1047122,https://en.wikipedia.org/wiki/Raytheon
1047862,https://en.wikipedia.org/wiki/Consolidated_Edison
1048286,https://en.wikipedia.org/wiki/Marriott_International
1048695,https://en.wikipedia.org/wiki/F5_Networks
1048911,https://en.wikipedia.org/wiki/FedEx
1050915,https://en.wikipedia.org/wiki/Quanta_Services
1051470,https://en.wikipedia.org/wiki/Crown_Castle
1053507,https://en.wikipedia.org/wiki/American_Tower
1056239,https://en.wikipedia.org/wiki/L3_Technologies
1058090,https://en.wikipedia.org/wiki/Chipotle_Mexican_Grill
1058290,https://en.wikipedia.org/wiki/Cognizant
1059556,https://en.wikipedia.org/wiki/Moody%27s_Corporation
1060391,https://en.wikipedia.org/wiki/Republic_Services
1063761,https://en.wikipedia.org/wiki/Simon_Property_Group
1065088,https://en.wikipedia.org/wiki/EBay
1065280,https://en.wikipedia.org/wiki/Netflix
1065696,https://en.wikipedia.org/wiki/LKQ_Corporation
1067701,https://en.wikipedia.org/wiki/United_Rentals
1067983,https://en.wikipedia.org/wiki/Berkshire_Hathaway
1070750,https://en.wikipedia.org/wiki/Host_Hotels_%26_Resorts
1071739,https://en.wikipedia.org/wiki/Centene_Corporation
1075531,https://en.wikipedia.org/wiki/Priceline.com
1086222,https://en.wikipedia.org/wiki/Akamai_Technologies
1087423,https://en.wikipedia.org/wiki/Red_Hat
1090012,https://en.wikipedia.org/wiki/Devon_Energy
1090727,https://en.wikipedia.org/wiki/United_Parcel_Service
1090872,https://en.wikipedia.org/wiki/Agilent_Technologies
1091667,https://en.wikipedia.org/wiki/Charter_Communications
1099219,https://en.wikipedia.org/wiki/MetLife
1099800,https://en.wikipedia.org/wiki/Edwards_Lifesciences
1100962,https://en.wikipedia.org/wiki/Endo_International
1101215,https://en.wikipedia.org/wiki/Alliance_Data
1101239,https://en.wikipedia.org/wiki/Equinix
1103982,https://en.wikipedia.org/wiki/Mondelez_International
1105705,https://en.wikipedia.org/wiki/WarnerMedia
1108524,https://en.wikipedia.org/wiki/Salesforce
1109357,https://en.wikipedia.org/wiki/Exelon
1110783,https://en.wikipedia.org/wiki/Monsanto
1110803,"https://en.wikipedia.org/wiki/Illumina,_Inc."
1111711,https://en.wikipedia.org/wiki/NiSource
1113169,https://en.wikipedia.org/wiki/T._Rowe_Price
1115222,https://en.wikipedia.org/wiki/Dun_%26_Bradstreet
1116132,https://en.wikipedia.org/wiki/Coach_New_York
1120193,"https://en.wikipedia.org/wiki/Nasdaq,_Inc."
1121788,https://en.wikipedia.org/wiki/Garmin
1122304,https://en.wikipedia.org/wiki/Aetna
1123360,https://en.wikipedia.org/wiki/Global_Payments
1124198,https://en.wikipedia.org/wiki/Fluor_Corporation
1126328,https://en.wikipedia.org/wiki/Principal_Financial_Group
1130310,https://en.wikipedia.org/wiki/CenterPoint_Energy
1133421,https://en.wikipedia.org/wiki/Northrop_Grumman
1135152,https://en.wikipedia.org/wiki/TechnipFMC
1136869,https://en.wikipedia.org/wiki/Zimmer_Biomet
1136893,https://en.wikipedia.org/wiki/FIS_(company)
1137411,https://en.wikipedia.org/wiki/Rockwell_Collins
1137774,https://en.wikipedia.org/wiki/Prudential_Financial
1137789,https://en.wikipedia.org/wiki/Seagate_Technology
1138118,https://en.wikipedia.org/wiki/CBRE_Group
1140536,https://en.wikipedia.org/wiki/Willis_Towers_Watson
1140859,https://en.wikipedia.org/wiki/AmerisourceBergen
1141391,https://en.wikipedia.org/wiki/Mastercard
1144215,https://en.wikipedia.org/wiki/Acuity_Brands
1156039,https://en.wikipedia.org/wiki/Anthem_(company)
1156375,https://en.wikipedia.org/wiki/CME_Group
1158449,https://en.wikipedia.org/wiki/Advance_Auto_Parts
1163165,https://en.wikipedia.org/wiki/ConocoPhillips
1164727,https://en.wikipedia.org/wiki/Newmont_Corporation
1166691,https://en.wikipedia.org/wiki/Comcast
1168054,https://en.wikipedia.org/wiki/Cimarex_Energy
1170010,https://en.wikipedia.org/wiki/CarMax
1174922,https://en.wikipedia.org/wiki/Wynn_Resorts
1260221,https://en.wikipedia.org/wiki/TransDigm_Group
1267238,https://en.wikipedia.org/wiki/Assurant
1274494,https://en.wikipedia.org/wiki/First_Solar
1275283,https://en.wikipedia.org/wiki/Reynolds_American
1281761,https://en.wikipedia.org/wiki/Regions_Financial_Corporation
1285785,https://en.wikipedia.org/wiki/The_Mosaic_Company
1289490,https://en.wikipedia.org/wiki/Extra_Space_Storage
1297996,https://en.wikipedia.org/wiki/Digital_Realty
1308161,https://en.wikipedia.org/wiki/21st_Century_Fox
1324404,https://en.wikipedia.org/wiki/CF_Industries
1324424,https://en.wikipedia.org/wiki/Expedia_Group
1326160,https://en.wikipedia.org/wiki/Duke_Energy
1326801,https://en.wikipedia.org/wiki/Facebook
1336917,https://en.wikipedia.org/wiki/Under_Armour
1339947,https://en.wikipedia.org/wiki/Viacom_(2005%E2%80%932019)
1341439,https://en.wikipedia.org/wiki/Oracle_Corporation
1358071,https://en.wikipedia.org/wiki/Concho_Resources
1359841,https://en.wikipedia.org/wiki/Hanesbrands
1361658,https://en.wikipedia.org/wiki/Wyndham_Destinations
1364742,https://en.wikipedia.org/wiki/BlackRock
1365135,https://en.wikipedia.org/wiki/Western_Union
1373835,https://en.wikipedia.org/wiki/Spectra_Energy
1378946,https://en.wikipedia.org/wiki/People%27s_United_Financial
1385157,https://en.wikipedia.org/wiki/TE_Connectivity
1390777,https://en.wikipedia.org/wiki/The_Bank_of_New_York_Mellon
1393311,https://en.wikipedia.org/wiki/Public_Storage
1393612,https://en.wikipedia.org/wiki/Discover_Financial
1396009,https://en.wikipedia.org/wiki/Vulcan_Materials_Company
1403161,https://en.wikipedia.org/wiki/Visa_Inc.
1403568,https://en.wikipedia.org/wiki/Ulta_Beauty
1410636,https://en.wikipedia.org/wiki/American_Water_Works
1413329,https://en.wikipedia.org/wiki/Philip_Morris_International
1418135,https://en.wikipedia.org/wiki/Dr_Pepper_Snapple_Group
1430602,https://en.wikipedia.org/wiki/Scripps_Networks_Interactive
1437107,"https://en.wikipedia.org/wiki/Discovery,_Inc."
1441634,https://en.wikipedia.org/wiki/Broadcom_Inc.
1442145,https://en.wikipedia.org/wiki/Verisk_Analytics
1451505,https://en.wikipedia.org/wiki/Transocean
1452575,https://en.wikipedia.org/wiki/Mead_Johnson
1466258,https://en.wikipedia.org/wiki/Ingersoll-Rand
1467373,https://en.wikipedia.org/wiki/Accenture
1467858,https://en.wikipedia.org/wiki/General_Motors
1489393,https://en.wikipedia.org/wiki/LyondellBasell
1492633,https://en.wikipedia.org/wiki/Nielsen_Holdings
1506307,https://en.wikipedia.org/wiki/Kinder_Morgan
1510295,https://en.wikipedia.org/wiki/Marathon_Petroleum
1519751,https://en.wikipedia.org/wiki/Fortune_Brands_Home_%26_Security
1521332,https://en.wikipedia.org/wiki/Aptiv
1524472,https://en.wikipedia.org/wiki/Xylem_Inc.
1526520,https://en.wikipedia.org/wiki/TripAdvisor
1530721,https://en.wikipedia.org/wiki/Capri_Holdings
1532063,https://en.wikipedia.org/wiki/Express_Scripts
1534701,https://en.wikipedia.org/wiki/Phillips_66
1545158,https://en.wikipedia.org/wiki/Kraft_Heinz
1551152,https://en.wikipedia.org/wiki/AbbVie_Inc.
1551182,https://en.wikipedia.org/wiki/Eaton_Corporation
1555280,https://en.wikipedia.org/wiki/Zoetis
1564708,https://en.wikipedia.org/wiki/News_Corp_(2013%E2%80%93present)
1567892,https://en.wikipedia.org/wiki/Mallinckrodt
1571949,https://en.wikipedia.org/wiki/Intercontinental_Exchange
1579241,https://en.wikipedia.org/wiki/Allegion
1585364,https://en.wikipedia.org/wiki/Perrigo
1593538,https://en.wikipedia.org/wiki/Navient_Corporation
1601712,https://en.wikipedia.org/wiki/Synchrony_Financial
1604778,https://en.wikipedia.org/wiki/Qorvo
1618921,https://en.wikipedia.org/wiki/Walgreens_Boots_Alliance
1633917,https://en.wikipedia.org/wiki/PayPal
1636023,https://en.wikipedia.org/wiki/WestRock
1645590,https://en.wikipedia.org/wiki/Hewlett_Packard_Enterprise
1646383,https://en.wikipedia.org/wiki/CSRA_Inc.
1652044,https://en.wikipedia.org/wiki/Google
1659166,https://en.wikipedia.org/wiki/Fortive
